<rdf:RDF xmlns:rdf="http://www.w3.org/1999/02/22-rdf-syntax-ns#"
         xmlns:cim="http://iec.ch/TC57/2010/CIM-schema-cim15#"
         xmlns:ftn="http://www.ftnydro.com/CIM15/2010/extension#">

    <!-- ==================================== SEASON ================================== -->
    <cim:Season rdf:ID="SPR_1">
        <cim:Season.startDate>2024-03-20T00:00:00</cim:Season.startDate>
        <cim:Season.endDate>2024-06-20T23:59:59</cim:Season.endDate>
    </cim:Season>

    <cim:Season rdf:ID="SUM_1">
        <cim:Season.startDate>2024-06-21T00:00:00</cim:Season.startDate>
        <cim:Season.endDate>2024-09-22T23:59:59</cim:Season.endDate>
    </cim:Season>

    <cim:Season rdf:ID="AUT_1">
        <cim:Season.startDate>2024-09-23T00:00:00</cim:Season.startDate>
        <cim:Season.endDate>2024-12-20T23:59:59</cim:Season.endDate>
    </cim:Season>

    <cim:Season rdf:ID="WIN_1">
        <cim:Season.startDate>2024-12-21T00:00:00</cim:Season.startDate>
        <cim:Season.endDate>2025-03-19T23:59:59</cim:Season.endDate>
    </cim:Season>

    <!-- ==================================== DAY TYPE =================================== -->
    <cim:DayType rdf:ID="DT_15" />
    <cim:DayType rdf:ID="DT_02" />
    <cim:DayType rdf:ID="DT_33" />
    <cim:DayType rdf:ID="DT_9101" />

    <!-- ================================== TAP SCHEDULE ================================ -->
    <cim:TapSchedule rdf:ID="TS_1">
        <cim:TapSchedule.tapChanger rdf:resource="TC_1" />
    </cim:TapSchedule>

    <cim:TapSchedule rdf:ID="TS_02" />

    <!-- =================================== TAP CHANGER ================================= -->
    <cim:TapChanger rdf:ID="TC_1" />
    <cim:TapChanger rdf:ID="TC_2" />
    <cim:TapChanger rdf:ID="TC_3" />

    <!-- ============================== REGULATION SCHEDULE ============================== -->
    <cim:RegulationSchedule rdf:ID="RS_0">
        <cim:BasicIntervalSchedule.startTime>2023-12-21T13:45:00Z</cim:BasicIntervalSchedule.startTime>
        <cim:BasicIntervalSchedule.value1Multiplier>k</cim:BasicIntervalSchedule.value1Multiplier>
        <cim:BasicIntervalSchedule.value1Unit>VArh</cim:BasicIntervalSchedule.value1Unit>
        <cim:BasicIntervalSchedule.value2Multiplier>m</cim:BasicIntervalSchedule.value2Multiplier>
        <cim:BasicIntervalSchedule.value2Unit>V</cim:BasicIntervalSchedule.value2Unit>
    </cim:RegulationSchedule>

    <cim:RegulationSchedule rdf:ID="RS_1">
        <cim:BasicIntervalSchedule.startTime>2023-12-21T13:45:00Z</cim:BasicIntervalSchedule.startTime>
        <cim:BasicIntervalSchedule.value1Multiplier>k</cim:BasicIntervalSchedule.value1Multiplier>
        <cim:BasicIntervalSchedule.value1Unit>VArh</cim:BasicIntervalSchedule.value1Unit>
        <cim:BasicIntervalSchedule.value2Multiplier>m</cim:BasicIntervalSchedule.value2Multiplier>
        <cim:BasicIntervalSchedule.value2Unit>V</cim:BasicIntervalSchedule.value2Unit>
        <cim:RegulationSchedule.RegulatingControl rdf:resource="RG_0" />
        <cim:SeasonDayTypeSchedule.Season rdf:resource="WIN_1" />
        <cim:SeasonDayTypeSchedule.DayType rdf:resource="DT_02" />
    </cim:RegulationSchedule>

    <cim:RegulationSchedule rdf:ID="RS_2">
        <cim:BasicIntervalSchedule.startTime>2023-12-21T13:45:00Z</cim:BasicIntervalSchedule.startTime>
        <cim:BasicIntervalSchedule.value1Multiplier>k</cim:BasicIntervalSchedule.value1Multiplier>
        <cim:BasicIntervalSchedule.value1Unit>VArh</cim:BasicIntervalSchedule.value1Unit>
        <cim:BasicIntervalSchedule.value2Multiplier>m</cim:BasicIntervalSchedule.value2Multiplier>
        <cim:BasicIntervalSchedule.value2Unit>V</cim:BasicIntervalSchedule.value2Unit>
        <cim:RegulationSchedule.RegulatingControl rdf:resource="RG_1" />
        <cim:SeasonDayTypeSchedule.Season rdf:resource="SPR_1" />
        <cim:SeasonDayTypeSchedule.DayType rdf:resource="DT_33" />
    </cim:RegulationSchedule>

    <!-- =================================== TERMINAL ==================================== -->
    <cim:Terminal rdf:ID="TM_1" />

    <cim:Terminal rdf:ID="TM_2">
        <cim:Terminal.conductingEquipment rdf:resource="CE_1" />
    </cim:Terminal>

    <!-- ============================= CONDUCTING EQUIPMENT ============================== -->
    <cim:ConductingEquipment rdf:ID="CE_1" />
    
    <cim:ConductingEquipment rdf:ID="CE_2">
        <cim:Equipment.aggregate>true</cim:Equipment.aggregate>
        <cim:Equipment.normallyInService>false</cim:Equipment.normallyInService>
    </cim:ConductingEquipment>

    <!-- =============================== REGULATING CONTROL ============================== -->
    <cim:RegulatingControl rdf:ID="RG_0">
        <cim:RegulatingControl.discrete>true</cim:RegulatingControl.discrete>
        <cim:RegulatingControl.mode>activePower</cim:RegulatingControl.mode>
        <cim:RegulatingControl.monitoredPhase>AB</cim:RegulatingControl.monitoredPhase>
        <cim:RegulatingControl.targetRange>7.0</cim:RegulatingControl.targetRange>
        <cim:RegulatingControl.targetValue>150.0</cim:RegulatingControl.targetValue>
        <cim:RegulatingControl.terminal rdf:resource="TM_1" />
    </cim:RegulatingControl>

    <cim:RegulatingControl rdf:ID="RG_1">
        <cim:RegulatingControl.discrete>false</cim:RegulatingControl.discrete>
        <cim:RegulatingControl.mode>reactivePower</cim:RegulatingControl.mode>
        <cim:RegulatingControl.monitoredPhase>C</cim:RegulatingControl.monitoredPhase>
        <cim:RegulatingControl.targetRange>12.0</cim:RegulatingControl.targetRange>
        <cim:RegulatingControl.targetValue>280.0</cim:RegulatingControl.targetValue>
    </cim:RegulatingControl>

    <cim:RegulatingControl rdf:ID="RG_2">
        <cim:RegulatingControl.discrete>true</cim:RegulatingControl.discrete>
        <cim:RegulatingControl.mode>currentFlow</cim:RegulatingControl.mode>
        <cim:RegulatingControl.monitoredPhase>A</cim:RegulatingControl.monitoredPhase>
        <cim:RegulatingControl.targetRange>6.0</cim:RegulatingControl.targetRange>
        <cim:RegulatingControl.targetValue>200.0</cim:RegulatingControl.targetValue>
    </cim:RegulatingControl>

    <cim:RegulatingControl rdf:ID="RG_3">
        <cim:RegulatingControl.discrete>false</cim:RegulatingControl.discrete>
        <cim:RegulatingControl.mode>voltage</cim:RegulatingControl.mode>
        <cim:RegulatingControl.monitoredPhase>B</cim:RegulatingControl.monitoredPhase>
        <cim:RegulatingControl.targetRange>9.0</cim:RegulatingControl.targetRange>
        <cim:RegulatingControl.targetValue>340.0</cim:RegulatingControl.targetValue>
    </cim:RegulatingControl>
</rdf:RDF>